Text,Schedule
"AI ethics is no longer a future discussion, but a present imperative. Let's build responsible AI by prioritizing transparency & fairness in algorithms. The future depends on it. #AIethics #ResponsibleAI","2025-03-29T03:42:06.068Z"
"AI's increasing role in code generation is exciting, but remember: human oversight & testing are *crucial*. Don't blindly trust the machine! Quality code still needs a human touch. #AI #MachineLearning","2025-03-29T06:45:27.883Z"
"AI's potential is immense, but ethical frameworks must evolve alongside its capabilities. Algorithmic bias is a real threat, demanding transparency and accountability. Let's build responsibly. #AIethics #ResponsibleAI","2025-03-29T10:49:19.753Z"
"AI is rapidly automating repetitive tasks. How can we proactively adapt our skillsets for a future where creativity & critical thinking are paramount? #AI #FutureofWork","2025-03-29T13:51:52.368Z"
"AI's rapid evolution demands ethical frameworks *now*. Building responsible algorithms & transparent datasets is crucial for a future we can trust. What role will you play? #AIethics #ResponsibleAI","2025-03-29T02:53:58.423Z"
"AI isn't magic; it's math & massive datasets. Understanding the underlying algorithms is crucial for responsible development & deployment. Don't just blindly trust! #AIethics #MachineLearning","2025-03-29T10:55:41.147Z"
"AI is rapidly transforming industries, but ethical considerations must be front and center. Bias in algorithms can perpetuate inequalities. Let's build a more equitable future with responsible tech. #AIethics #TechForGood","2025-03-29T11:10:37.144Z"
"AI isn't replacing us, it's augmenting us. Focus on learning how to collaborate with these tools to unlock exponential potential. The future is human + machine. #AI #FutureofWork","2025-03-29T19:59:48.611Z"
"Python's versatility shines in tackling AI ethics! From bias detection to fairness metrics, it empowers us to build more responsible algorithms in this rapidly evolving field. #Python #AIethics","2025-03-29T10:27:06.949Z"
"JavaScript's evolving landscape keeps us on our toes! From frameworks to serverless, it's driving innovation, especially in AI-powered web apps. Embrace the change, stay curious! #JavaScript #WebDev","2025-03-29T09:23:03.104Z"
"Python's versatility shines in tackling AI's ethical challenges. From data bias detection to explainable AI, its libraries empower us to build more responsible algorithms. #Python #AIethics","2025-03-29T13:16:28.805Z"
"Node.js enabling real-time collaboration in remote work tools! Its event-driven architecture shines in handling asynchronous tasks crucial for seamless virtual experiences. #Nodejs #RemoteWork","2025-03-29T11:26:18.844Z"
"Node.js empowers developers to build scalable & real-time apps faster. With the rise of AI, its asynchronous nature is perfect for handling complex data processing & API interactions. Perfect blend of speed & flexibility! #Nodejs #JavaScript","2025-03-29T19:15:11.861Z"
"AI's rapid evolution demands proactive ethical frameworks. We need to shape its impact on jobs & society *before* it shapes us. The future is not predetermined, but programmed. #AIethics #ResponsibleAI","2025-03-29T19:20:15.330Z"
"Cloud computing: The engine powering the AI boom. Scalable resources are crucial for training massive models & handling inference demands. Innovation thrives in the cloud! #CloudComputing #AI","2025-03-29T08:16:45.066Z"
"JavaScript's async/await makes complex API integrations in modern web apps (like AI tools!) so much cleaner. Embracing the power of JS for a smoother user experience! #JavaScript #WebDev","2025-03-29T19:17:57.356Z"
"The rise of AI code assistants means web devs need to focus on higher-level architecture & UX. Embrace the tools, but don't lose sight of the human element! #WebDev #AI","2025-03-29T13:17:46.319Z"
"Cloud computing isn't just about cost savings anymore. It's the bedrock for AI innovation & rapid scalability needed to adapt to evolving markets. Are you leveraging its full potential? #CloudComputing #DigitalTransformation","2025-03-30T11:23:35.881Z"
"AI's rapid progress is impressive, but ethical frameworks must evolve even faster to ensure responsible innovation and equitable access. #AIethics #TechResponsibility","2025-03-30T16:56:03.814Z"
"ML isn't just predicting the future, it's shaping it. From personalized medicine to tackling climate change, its potential is immense, but ethical considerations must guide its development. #MachineLearning #AIethics","2025-03-30T11:30:15.327Z"
"Cloud computing: Democratizing access to powerful tech. Think AI, data analytics - previously enterprise-only, now available to startups & individuals. Innovation unleashed! #CloudComputing #DigitalTransformation","2025-03-30T17:22:56.511Z"
"JS is everywhere! From powering AI assistants to building immersive web experiences. Its versatility is key to navigating the evolving tech landscape. Embrace the power, learn the quirks! #JavaScript #WebDev","2025-03-30T14:16:48.873Z"
"The rise of AI tools isn't replacing web devs, it's augmenting them. Focus on understanding fundamental principles & leveraging AI to build more efficient and impactful user experiences. #WebDev #AI","2025-03-30T10:24:12.551Z"
"JavaScript's async/await shines again, tackling the complexities of real-time data streams powering today's interactive AI tools. Mastering it is key for building responsive, user-friendly experiences! #JavaScript #AsyncAwait","2025-03-30T19:16:04.002Z"
"Node.js thrives in India's fintech surge! Its non-blocking I/O excels at handling the massive scale of UPI transactions & powering the real-time apps driving #DigitalIndia. A key enabler for seamless digital payments. #Nodejs","2025-03-30T12:31:39.381Z"
"Wow, just read about the massive cloud infrastructure investments happening across India! ðŸ‡®ðŸ‡³ It's incredible seeing the scale-up. Personally, I think hybrid cloud is where the real action is for many enterprises here. ðŸ¤” What's your take on the #CloudIndia boom & current trends? Share your thoughts! #HybridCloud","2025-03-30T09:34:22.093Z"
